Page_ID,URL_Slug,Page_Title,Head_Term,Life_Area,Modifier,Meta_Description,Introduction,Core_Content,Exercises,FAQ,Related_Quotes,Status,Published_Date,WordPress_ID,Performance_Score,Performance Tracking
1,daily-stoic-quotes-for-anxiety,Discover daily Stoic quotes for anxiety. Learn how ancient Stoic philosophy helps manage stress and find peace. Transform your anxiety with timeless wisdom today.,stoic philosophy,anxiety,daily,Discover daily Stoic quotes for anxiety designed to calm modern stress. Learn how ancient Stoic philosophy helps manage anxiety and find inner peace. Start transforming worry today,,https://docs.google.com/document/d/11kbxSM59gz2arEUhzekNj3w9v765dPXZkb7-ktnjqhw/edit?tab=t.0,,,,Review,,,,
3,https://yoursite.com/stoic/daily-stoic-practices-for-depression,Stoic Practices for Depression: A Practical Guide,stoic practices,depression,daily,Discover how daily Stoic practices can help you manage symptoms of depression. Learn ancient wisdom from Marcus Aurelius and Seneca to build resilience.,,https://docs.google.com/document/d/10jR5RuColIUA9HfBBJWM19eiOPp7v-OBTFT5AZGlXLo/edit,,,,Review,,,,
4,https://yoursite.com/stoic/daily-stoic-practices-for-relationships,Daily Stoic Practices for Stronger Relationships Today,stoic practices,relationships,daily,Discover how ancient Stoic practices can transform your modern relationships. Learn to manage expectations and build stronger connections by focusing on your own actions.,,https://docs.google.com/document/d/1ze46Nf9S7MesEZ3nZCAfmUbXnXDaNekxdzjXJ_3Jbfk/edit,,,,Review,,,,
5,https://yoursite.com/stoic/daily-stoic-practices-for-work,Stoic Practices for Work: Build Resilience & Inner Peace,stoic practices,work,daily,"Discover how ancient Stoic practices can help you navigate modern workplace stress. Learn to build professional resilience, manage emotions, and lead with purpose.",,https://docs.google.com/document/d/15R_tv98VdSmcfAldHmPTciLI8Ut38kpWD1HF8Nw1SZ8/edit,,,,Review,,,,
6,https://yoursite.com/stoic/daily-stoic-practices-for-leadership,Daily Stoic Practices for Transformational Leadership,stoic practices,leadership,daily,Discover daily stoic practices for transformational leadership. Learn how ancient wisdom from Marcus Aurelius can help you navigate modern challenges with clarity.,,https://docs.google.com/document/d/1dSEg-Avxbj0PJ3U-wefAFK_1GUl5fu-aBl8poVMHhZ4/edit?tab=t.0,,,,Review,,,,
7,https://yoursite.com/stoic/daily-stoic-practices-for-parenting,Daily Stoic Practices for Mindful & Modern Parenting,stoic practices,parenting,daily,"Transform parenting challenges with daily Stoic practices. Learn to apply ancient wisdom to raise resilient children and become a calmer, more virtuous parent.",,https://docs.google.com/document/d/1WXN5gbILWi8KsDJhhy9gANTYnP-BdwIRfrcJPvhncfQ/edit,,,,Review,,,,
8,https://yoursite.com/stoic/daily-stoic-practices-for-anger,Daily Stoic Practices for Anger: Master Your Emotions,stoic practices,anger,daily,Learn to control anger with daily Stoic practices. Discover ancient wisdom from Marcus Aurelius to manage your emotions and find inner peace. Start mastering anger today.,,https://docs.google.com/document/d/1ybWPqwWJMcadhPPD5wPuLST8x4uxTbrRUbBIiw39KT0/edit,,,,Review,,,,
9,https://yoursite.com/stoic/daily-stoic-practices-for-fear,Stoic Practices for Fear: Conquer Anxiety & Find Calm,stoic practices,fear,daily,Discover daily Stoic practices to confront and conquer fear. Learn how ancient wisdom can help you manage modern anxiety and respond with courage. Start now.,,https://docs.google.com/document/d/1p06tBGE8M4DU1glA5-70QwFIjuQ0PsudgAQpVYwu_h8/edit,,,,Review,,,,
10,https://yoursite.com/stoic/daily-stoic-practices-for-success,Daily Stoic Practices for True Success & Inner Peace,stoic practices,success,daily,"Discover how ancient Stoic practices can redefine your journey to success. Learn to build resilience, find inner peace, and achieve lasting fulfillment today.",,https://docs.google.com/document/d/1GOC82ThNFjSlBUP6Lpeih9myfhWUqRLGsUgCb6Cva3Q/edit,,,,Review,,,,
11,https://yoursite.com/stoic/daily-stoic-practices-for-failure,Stoic Practices for Failure: Ancient Wisdom for Setbacks,stoic practices,failure,daily,Learn to transform failure into growth with daily Stoic practices. Discover how ancient wisdom from Marcus Aurelius can help you find meaning in modern setbacks.,,https://docs.google.com/document/d/1cjZQMXbSEPnWriFqKefedJeG_NB1ME66JOCrrA88BIc/edit,,,,Review,,,,
12,https://yoursite.com/stoic/stoic-practices-decision-making,Daily Stoic Practices for Better Decision-Making,stoic practices,decision-making,daily,"Discover how ancient Stoic practices can improve your modern decision-making. Learn to face choices with clarity and wisdom, reducing anxiety and regret. Start now!",,https://docs.google.com/document/d/1jwUONyU-t85MC2xayyopas1U5hFixKA10hLvGqYWL6k/edit,,,,Review,,,,
13,https://yoursite.com/stoic/daily-stoic-practices-for-mindfulness,D99aily Stoic Practices for Modern Mindfulness & Awareness,stoic practices,mindfullness,daily,Discover practical Stoic practices for mindfulness. Learn ancient wisdom from Marcus Aurelius to master your focus and find calm in our hyperconnected world.,,https://docs.google.com/document/d/1UOGrGvgiqO3LTygwSdG6_HpEGDRXFsoOQ1nS4juUR38/edit,,,,Review,,,,
14,https://yoursite.com/stoic/daily-stoic-practices-for-resilience,Daily Stoic Practices for Building Resilience: A Guide,stoic practices,resilience,daily,Build unshakeable resilience with daily Stoic practices. Learn ancient wisdom from Marcus Aurelius and Seneca to master your mind and face modern challenges.,,https://docs.google.com/document/d/1yuNpjEBvQvRYoPJKFkINjdaGRM64xr4DOLa6oY-x9x8/edit,,,,Review,,,,
15,https://yoursite.com/stoic/stoic-principles-for-resilience,Stoic Principles for Resilience: Build an Unshakeable Mind,stoic principles,resilience,modern,Apply timeless Stoic principles to build unshakable resilience in today's world. Learn to control your reactions and thrive through challenges. Discover how.,,https://docs.google.com/document/d/14sQ3ldb7AXL5kgGru7FNPwWlbhc0egiyO6f9cz0xRHA/edit,,,,Review,,,,
16,,,stoic principles,,,,,,,,,,,,,
17,,,stoic principles,,,,,,,,,,,,,
18,,,,,,,,,,,,,,,,
19,,,,,,,,,,,,,,,,
20,,,,,,,,,,,,,,,,