Name,Full name,Slug,School/Philosophy,Role/Occupation,Born date,Born place,Died date,Primary language of works,Active period,Notable works,Influences,Signature quotes,Description/Bio,Meta title,Meta description,H1,Popular tags,Related authors,Schema type,birthDate,deathDate,birthPlace,occupation,knowsAbout,Link,Last_Updated
Marcus Aurelius,Marcus Aurelius Antoninus Augustus,marcus-aurelius,Stoicism,Roman Emperor; Stoic philosopher; Military commander; Jurist; Administrator,0121-04-26,"Rome, Italy",0180-03-17,Greek,161–180 CE (reign); c. 170–180 CE (Meditations written),Meditations,Epictetus; Junius Rusticus; Ptolemy the Stoic; Seneca; Musonius Rufus,The impediment to action advances action. What stands in the way becomes the way. | Waste no more time arguing what a good man should be. Be one. | You could leave life right now. Let that determine what you do and say and think.,"Marcus Aurelius, the last of the 'Five Good Emperors,' reigned over the Roman Empire from 161 to 180 CE. A devout Stoic philosopher, his personal reflections, known as 'Meditations,' offer profound insights into his commitment to virtue, duty, and resilience amidst imperial crises, including the Parthian War and a devastating plague. Adopted by Emperor Antoninus Pius, he embodied Plato's ideal of a 'philosopher-king,' balancing demanding military campaigns with deep philosophical introspection. His reign marked a turbulent period for Rome, yet his enduring legacy lies in his philosophical writings, which continue to inspire ethical conduct and self-mastery.",Marcus Aurelius: Roman Emperor & Stoic Philosopher,"Explore Marcus Aurelius, the Roman Emperor and Stoic philosopher. Discover his 'Meditations', key quotes, and influence on Western thought.",Marcus Aurelius,Stoicism; Roman Empire; Philosophy; Emperor; Meditations; Ancient Rome; Virtues; Duty,Lucius Verus; Commodus; Antoninus Pius; Epictetus; Seneca; Plato,Person,0121-04-26,0180-03-17,"Rome, Italy",Roman Emperor; Stoic philosopher; Military commander; Jurist; Administrator,Stoic philosophy; Roman governance; Military strategy; Ethics; Self-discipline; Leadership,https://www.youtube.com/watch?v=mC6vBzz3XCs&t=56s,2025-08-15
Seneca,Lucius Annaeus Seneca,seneca,Stoicism,Stoic philosopher; statesman; dramatist; advisor to Emperor Nero,-0004-01-01,"Córdoba, Spain",1965-04-13,Latin,c. 49–65 CE (as advisor to Nero and writer),Letters from a Stoic (Epistulae Morales ad Lucilium); On the Shortness of Life (De Brevitate Vitae); Medea; Thyestes; On Anger (De Ira),Zeno of Citium; Chrysippus; Cicero; Sotion; Attalus,"We suffer more often in imagination than in reality. | As long as you live, keep learning how to live. | It is not that we have a short time to live, but that we waste a lot of it.","Lucius Annaeus Seneca, known as Seneca the Younger, was a prominent Roman Stoic philosopher, statesman, and dramatist during the Silver Age of Latin literature. Born in Corduba, Hispania, he became a key figure in the Roman Empire's politics, serving as an advisor to Emperor Nero. His philosophical works provide a pragmatic and accessible guide to Stoic ethics, focusing on achieving tranquility through reason, virtue, and acceptance of mortality. Despite his immense wealth and political power, which sometimes seemed at odds with his teachings on simplicity, his writings have endured for centuries. Accused of conspiracy, he was forced to commit suicide by Nero, a death he faced with the Stoic composure he championed in his philosophy. His letters and essays remain foundational texts for understanding Stoicism.","Seneca: Roman Stoic Philosopher, Statesman & Author","Explore the life and works of Seneca the Younger, the influential Roman Stoic philosopher and advisor to Nero. Discover his timeless quotes and teachings.",Seneca,Stoicism;Roman Philosophy;Nero;Ethics;Ancient Rome;Virtue;Tragedy;Latin Literature,Epictetus; Marcus Aurelius; Zeno of Citium; Cicero,Person,-0004-01-01,1965-04-13,"Córdoba, Spain",Stoic philosopher; statesman; dramatist; advisor to Emperor Nero,Stoicism;Ethics;Roman politics;Tragedy;Rhetoric;Finance,https://www.youtube.com/watch?v=J3wZoqElCgs,2025-08-15
Zeno of Citium,Zēnōn ho Kitieus,zeno-of-citium,Stoicism,Philosopher; Merchant,-0334-01-01,"Citium, Cyprus",-0262-01-01,Koine Greek,c. 300–262 BC (teaching period),Republic; Ethics; On Nature; On Life According to Nature,Crates of Thebes; Socrates; Stilpo; Xenocrates,"Follow where reason leads. | A bad feeling is a commotion of the mind repugnant to reason, and against nature. | Well-being is attained by little and little, and nevertheless is no little thing itself.","Zeno of Citium (c. 334–262 BC) was a Hellenistic philosopher from Cyprus and the founder of the Stoic school of philosophy, which he established in Athens around 300 BC. Originally a wealthy merchant, he turned to philosophy after surviving a shipwreck. Drawing on the ideas of the Cynics, Zeno's Stoicism emphasized peace of mind gained through living a life of virtue in accordance with nature. He taught that virtue is the only good and that external things like health, wealth, and pleasure are morally neutral. Although none of his original writings survive, his teachings were meticulously recorded and expanded upon by his followers, making Stoicism one of the most influential philosophies of the Hellenistic and Roman periods, profoundly shaping ethics and logic for centuries.",Zeno of Citium: Founder of Stoicism & Key Teachings,"Discover Zeno of Citium (c. 334–262 BC), the Hellenistic philosopher who founded the Stoic school. Explore his life, core ideas, and lasting influence.",Zeno of Citium,Stoicism; Hellenistic Philosophy; Ancient Greek Philosophy; Zeno; Stoic Founder; Ethics,Epictetus; Seneca the Younger; Marcus Aurelius; Chrysippus,Person,-0334-01-01,-0262-01-01,"Citium, Cyprus",Philosopher; Merchant,Stoicism; Ethics; Logic; Physics; Virtue,https://www.youtube.com/watch?v=Gu0FrhJ3HE4,2025-08-15
Epictetus,Epictetus,epictetus,Stoicism,Philosopher; Teacher,1950-01-01,"Hierapolis, Phrygia (present-day Pamukkale, Turkey)",0135-01-01,Koine Greek,c. 93–135 AD (teaching period in Nicopolis),Discourses; Enchiridion (The Manual),Musonius Rufus; Socrates; Zeno of Citium; Diogenes,"We are disturbed not by events, but by the views we take of them. | It's not what happens to you, but how you react to it that matters. | First say to yourself what you would be; and then do what you have to do.","Epictetus (c. 50–135 AD) was a Greek Stoic philosopher renowned for his teachings on ethics and personal freedom. Born into slavery in Phrygia, he later gained his freedom and established a respected philosophical school in Nicopolis, Greece. Epictetus argued that philosophy is a way of life, centered on the core principle that we should not be troubled by external events, which are beyond our control, but only by our own judgments and actions. His teachings, which emphasize rigorous self-discipline and the 'dichotomy of control,' were not written down by him but were transcribed by his dedicated pupil Arrian in the 'Discourses' and the 'Enchiridion.' These works have profoundly influenced countless thinkers, including the Roman Emperor Marcus Aurelius, and remain foundational texts of Stoic philosophy.",Epictetus: Stoic Philosopher on Freedom & Virtue,"Explore the life and teachings of Epictetus (c. 50–135 AD), the Greek Stoic philosopher who taught that true freedom comes from focusing on what we can control.",Epictetus,Stoicism; Roman Philosophy; Epictetus; Dichotomy of Control; Enchiridion; Virtue Ethics,Arrian; Marcus Aurelius; Seneca the Younger; Zeno of Citium; Musonius Rufus,Person,1950-01-01,0135-01-01,"Hierapolis, Phrygia (present-day Pamukkale, Turkey)",Philosopher; Teacher,Stoicism; Ethics; Dichotomy of Control; Virtue; Self-discipline,https://www.youtube.com/watch?v=ukLnSHN3ERA&t=45s,2025-08-15
Cleanthes,Cleanthes of Assos,cleanthes,Stoicism,Philosopher; Boxer,-0330-01-01,"Assos, Troad (present-day Turkey)",-0230-01-01,Koine Greek,c. 262–230 BC (as head of Stoic school),Hymn to Zeus; Physical Theses,Zeno of Citium; Crates the Cynic,"Lead me, Zeus, and you too, Destiny, to wherever your decrees have assigned me. | People walk in wickedness all their lives or, at any rate, for the greater part of it. | The goal of life is to live consistently with nature.","Cleanthes of Assos (c. 330–230 BC) was a Greek Stoic philosopher and the second head of the Stoic school in Athens, succeeding Zeno of Citium. Originally a boxer from humble beginnings, he came to Athens with only four drachmae and worked as a water-carrier at night to support his philosophical studies during the day. His dedication earned him the nickname 'the Ass' from fellow students, which he embraced as a sign of his strength to bear whatever burden Zeno placed upon him. Cleanthes successfully preserved and developed Zeno's doctrines, adding his own insights particularly in Stoic physics through his theory of 'tension' (tonos). His most famous surviving work is the 'Hymn to Zeus,' which expresses the Stoic understanding of divine providence and human acceptance of fate. He brought a deeply religious dimension to Stoicism that complemented its rational foundation.",Cleanthes: Second Head of the Stoic School & Hymn to Zeus,"Discover Cleanthes of Assos (c. 330–230 BC), the devoted successor to Zeno who preserved early Stoic teachings and composed the famous Hymn to Zeus.",Cleanthes,Stoicism; Ancient Greek Philosophy; Hymn to Zeus; Stoic School; Divine Providence,Zeno of Citium; Chrysippus; Marcus Aurelius; Epictetus,Person,-0330-01-01,-0230-01-01,"Assos, Troad (present-day Turkey)",Philosopher; Boxer,Stoicism; Physics; Ethics; Divine Providence; Virtue,https://www.youtube.com/watch?v=example1,2025-08-15
Chrysippus,Chrysippus of Soli,chrysippus,Stoicism,Philosopher; Logician,-0279-01-01,"Soli, Cilicia (present-day Turkey)",-0206-01-01,Koine Greek,c. 230–206 BC (as head of Stoic school),On Passions; Logical Questions; On Providence,Cleanthes; Zeno of Citium; Arcesilaus,"Give me the principles, and I will find the proofs myself. | The goal of life is to live in accordance with one's experience of the actual course of nature. | Wrong judgments turn into passions when they gather an impetus of their own.","Chrysippus of Soli (c. 279–206 BC) was a Greek Stoic philosopher and the third head of the Stoic school, earning the title 'Second Founder of Stoicism' for his systematic development of Stoic doctrine. Born in Cilicia, he lost his inherited wealth to royal confiscation and came to Athens where he became a student of Cleanthes. An extraordinarily prolific writer who composed over 705 works, Chrysippus excelled in logic, physics, and ethics, creating an original system of propositional logic that wouldn't be surpassed until the modern era. He developed sophisticated theories about fate and free will, arguing that while all things happen according to fate, humans still bear moral responsibility through 'co-fated' events. His work on the therapy of emotions, particularly in 'On Passions,' taught that wrong judgments become overwhelming emotions when they gather momentum, requiring advance preparation and rational analysis to overcome.",Chrysippus: Third Head of Stoic School & Systematic Developer,"Explore Chrysippus of Soli (c. 279–206 BC), the prolific philosopher who systematized Stoic doctrine and advanced logic, physics, and ethics.",Chrysippus,Stoicism; Ancient Greek Philosophy; Logic; Stoic Doctrine; Systematic Philosophy,Cleanthes; Zeno of Citium; Marcus Aurelius; Epictetus,Person,-0279-01-01,-0206-01-01,"Soli, Cilicia (present-day Turkey)",Philosopher; Logician,Stoicism; Logic; Physics; Ethics; Systematic Philosophy,https://www.youtube.com/watch?v=example2,2025-08-15
Musonius Rufus,Gaius Musonius Rufus,musonius-rufus,Stoicism,Philosopher; Teacher,0020-01-01,"Volsinii, Etruria (present-day Italy)",0100-01-01,Greek,c. 60–100 CE (teaching period),Lectures and Discourses,Epictetus; Rubellius Plautus; Barea Soranus,"Philosophy is nothing but the practice of noble behavior. | Since the gods have given women the same power of reason as men, women ought to receive the same education in philosophy as men. | The person who refuses to endure pain all but condemns himself to not being worthy of anything good.","Gaius Musonius Rufus (c. 20–100 CE) was a Roman Stoic philosopher renowned as one of the greatest Stoic teachers, known for conceiving philosophy as nothing but the practice of noble behavior. Born into the Roman equestrian class in Volsinii, Etruria, he became famous in Rome during Nero's reign for his practical approach to Stoicism. His association with the Stoic Opposition led to two exiles: first to Asia Minor with Rubellius Plautus, then to the harsh island of Gyaros after the Pisonian conspiracy. Musonius was revolutionary in advocating that women should receive the same philosophical education as men, arguing they possessed equal rational faculties and capacity for virtue. His most famous student was Epictetus, whom he taught the practical application of Stoic principles. His teachings, preserved in discourses and sayings, emphasized austere living, vegetarianism, gender equality, and the integration of philosophy with daily life.",Musonius Rufus: Teacher of Epictetus & Practical Stoicism,"Discover Musonius Rufus (c. 20–100 CE), the Roman Stoic philosopher who taught Epictetus and advocated for women's education and practical ethics.",Musonius Rufus,Stoicism; Roman Philosophy; Practical Ethics; Women's Education; Teacher of Epictetus,Epictetus; Marcus Aurelius; Seneca; Rubellius Plautus,Person,0020-01-01,0100-01-01,"Volsinii, Etruria (present-day Italy)",Philosopher; Teacher,Stoicism; Practical Ethics; Gender Equality; Virtue; Education,https://www.youtube.com/watch?v=example3,2025-08-15
Cato the Younger,Marcus Porcius Cato Uticensis,cato-the-younger,Stoicism,Roman Senator; Politician; Stoic Philosopher,-0095-01-01,"Rome, Roman Republic",-0046-01-01,Latin,95–46 BCE (political career),Speeches; Political Writings,Zeno of Citium; Cleanthes; Chrysippus; Stoic Philosophy,"I would rather be good than seem good. | The willing, destiny guides them. The unwilling, destiny drags them. | It is better to refuse to do wrong than to be prevented from it. | No one can harm you without your permission.","Marcus Porcius Cato Uticensis (95–46 BCE), known as Cato the Younger, was an influential conservative Roman senator and one of the most famous practitioners of Stoic philosophy in the late Roman Republic. Born into the prestigious Porcia family, he was the great-grandson of Cato the Elder and became renowned for his unwavering moral principles and incorruptible character. As a politician, Cato consistently opposed the rise of powerful military commanders like Pompey, Caesar, and Crassus, viewing them as threats to republican liberty. His inflexible adherence to traditional Roman values and Stoic principles made him a symbol of republican virtue, though his uncompromising stance contributed to the political tensions that led to civil war. When Caesar's victory became inevitable, Cato chose suicide over submission, preferring death to living under tyranny. His dramatic end in Utica made him a martyr for republican ideals and Stoic philosophy, inspiring later generations including the American Founding Fathers.",Cato the Younger: Roman Senator & Stoic Martyr,"Explore Cato the Younger (95–46 BCE), the Roman senator and Stoic philosopher who chose death over tyranny and became a symbol of republican virtue.",Cato the Younger,Stoicism; Roman Republic; Republican Virtue; Political Philosophy; Suicide; Civil War,Cicero; Pompey; Julius Caesar; Brutus; Marcus Aurelius,Person,-0095-01-01,-0046-01-01,"Rome, Roman Republic",Roman Senator; Politician; Stoic Philosopher,Stoicism; Roman Politics; Republican Virtue; Ethics; Political Philosophy,https://www.youtube.com/watch?v=example4,2025-08-15
Diogenes of Babylon,Diogenes of Seleucia,diogenes-of-babylon,Stoicism,Philosopher; Head of Stoic School; Ambassador,-0230-01-01,"Seleucia on the Tigris, Babylonia",-0140-01-01,Greek,c. 155 BCE (embassy to Rome),On Music; On Rhetoric; Dialectic Art,Chrysippus; Zeno of Tarsus; Carneades,"Music can bring health to the mind and treat psychological illnesses. | Just as diet and exercise produce a healthy body, music can bring health to the mind. | Music is an art which leads to virtue. | The trumpet stirs the soldier to bravery through the power of music.","Diogenes of Babylon (c. 230–140 BCE), also known as Diogenes of Seleucia, was a Greek Stoic philosopher who served as the head (scholarch) of the Stoic school in Athens. Born in Seleucia on the Tigris in Babylonia, he was educated under Chrysippus and succeeded Zeno of Tarsus as leader of the Stoic school. In 155 BCE, he was one of three philosophers sent to Rome as ambassadors to appeal a fine imposed on Athens, where he impressed audiences with his sober and temperate speaking style. Diogenes closely followed the views of Chrysippus, particularly in dialectic, and was known for instructing even the skeptic Carneades. He was a prolific writer, authoring works on music, rhetoric, dialectic, divination, and ethics, though none survived intact except as quotations. His most notable contribution was his theory that music could heal psychological illnesses and lead to virtue, believing that just as physical exercise strengthens the body, music could strengthen the mind and soul.",Diogenes of Babylon: Head of Stoic School & Ambassador to Rome,"Discover Diogenes of Babylon (c. 230–140 BCE), the Stoic philosopher who led the school in Athens and served as ambassador to Rome in 155 BCE.",Diogenes of Babylon,Stoicism; Ancient Greek Philosophy; Stoic School; Roman Embassy; Music Theory,Chrysippus; Panaetius; Antipater of Tarsus; Carneades,Person,-0230-01-01,-0140-01-01,"Seleucia on the Tigris, Babylonia",Philosopher; Head of Stoic School; Ambassador,Stoicism; Music Theory; Dialectic; Rhetoric; Philosophy,https://www.youtube.com/watch?v=example5,2025-08-15
Panaetius of Rhodes,Panaetius,panaetius-of-rhodes,Stoicism,Philosopher; Head of Stoic School; Cultural Bridge,-0185-01-01,"Rhodes, Greece",-0110-01-01,Greek,c. 129–110 BCE (head of school),On Duties; On Cheerfulness; On Providence,Diogenes of Babylon; Antipater of Tarsus; Scipio Aemilianus,"Philosophy must be applied to life, not remain in abstract speculation. | Virtue alone is not enough if there is no adequate living and health. | Moral definitions should be laid down so they can be applied by those who have not yet attained wisdom. | The Roman Republic represents the ideal combination of monarchy, aristocracy, and democracy.","Panaetius of Rhodes (c. 185–110 BCE) was a Greek Stoic philosopher who revolutionized Stoicism by adapting it for Roman culture and practical application. Born into an eminent Rhodian family, he studied under Diogenes of Babylon and Antipater of Tarsus in Athens before moving to Rome, where he became a member of the influential Scipionic Circle through his friendship with Scipio Aemilianus. Panaetius made Stoicism more eclectic and practical, softening the harsh doctrines of earlier Stoics and making philosophy accessible to Roman aristocrats. He rejected the doctrine of apatheia (complete emotional detachment) and the Stoic belief in cosmic conflagration, instead emphasizing that philosophy should guide practical life. His masterwork 'On Duties' became the principal source for Cicero's famous work of the same name. As the last undisputed head of the Stoic school (129–110 BCE), he successfully bridged Greek philosophical tradition with Roman practical needs, laying the foundation for the later Roman Stoicism of Seneca, Epictetus, and Marcus Aurelius.",Panaetius of Rhodes: Bridge Between Greek & Roman Stoicism,"Explore Panaetius of Rhodes (c. 185–110 BCE), who adapted Stoic philosophy for Roman culture and influenced Cicero's 'On Duties'.",Panaetius of Rhodes,Stoicism; Roman Philosophy; Scipionic Circle; Cultural Adaptation; Practical Ethics,Cicero; Scipio Aemilianus; Posidonius; Diogenes of Babylon,Person,-0185-01-01,-0110-01-01,"Rhodes, Greece",Philosopher; Head of Stoic School; Cultural Bridge,Stoicism; Roman Culture; Practical Philosophy; Ethics; Political Theory,https://www.youtube.com/watch?v=example6,2025-08-15
Hecato of Rhodes,Hecato,hecato-of-rhodes,Stoicism,Philosopher; Student of Panaetius; Ethicist,-0150-01-01,"Rhodes, Greece",-0075-01-01,Greek,c. 100 BCE (flourishing period),Ethical Treatises; Moral Casuistry,Panaetius of Rhodes; Scipionic Circle,"Cease to hope, and you will cease to fear. | What progress have I made? I have begun to be a friend to myself. | If you want to be loved, love. | It is a wise man's duty to take care of his private interests, while doing nothing contrary to civil customs and laws.","Hecato of Rhodes (fl. c. 100 BCE) was a Greek Stoic philosopher and student of Panaetius, known for his practical approach to ethics and moral philosophy. Born in Rhodes, he was likely a member of the influential Scipionic Circle, a group of intellectuals who gathered around the Roman general Scipio Aemilianus. Despite being frequently quoted by later philosophers like Seneca, Cicero, and Diogenes Laertius—sometimes more than his teacher Panaetius—Hecato has become one of Stoicism's forgotten figures. He wrote at least thirty books on ethics and moral casuistry, though only twenty-nine fragments survive today. Hecato was particularly interested in practical moral questions and believed that virtue could be taught. He separated virtues into two categories: those based on scientific intellectual principles (like justice and wisdom) and those without this foundation (like temperance). His famous quote 'Cease to hope, and you will cease to fear' reflects his understanding that both emotions stem from projecting consciousness away from the present moment, where actual change can occur.",Hecato of Rhodes: The Forgotten Stoic Ethicist,"Discover Hecato of Rhodes (fl. c. 100 BCE), the student of Panaetius whose practical ethics influenced Seneca and Cicero but has been largely forgotten.",Hecato of Rhodes,Stoicism; Practical Ethics; Moral Philosophy; Casuistry; Self-Friendship,Seneca; Cicero; Panaetius; Diogenes Laertius,Person,-0150-01-01,-0075-01-01,"Rhodes, Greece",Philosopher; Student of Panaetius; Ethicist,Stoicism; Ethics; Practical Philosophy; Moral Casuistry; Self-Development,https://www.youtube.com/watch?v=example7,2025-08-15
Antoninus Pius,Titus Aelius Hadrianus Antoninus Pius,antoninus-pius,Stoicism,Roman Emperor; Adoptive Father of Marcus Aurelius,0086-09-19,"Lanuvium, Italy",0161-03-07,Latin,138–161 CE (reign),Legal Reforms; Administrative Policies,Hadrian; Marcus Aurelius; Stoic Philosophy,"Let your actions be guided by justice and your thoughts by wisdom. | A ruler's greatest virtue is the welfare of his people. | Moderation in all things brings lasting peace.","Antoninus Pius (86–161 CE) was Roman Emperor from 138 to 161 CE and is remembered as one of the 'Five Good Emperors' who presided over the Pax Romana. Born Titus Aelius Hadrianus Antoninus, he was adopted by Emperor Hadrian and became known for his peaceful reign, earning the title 'Pius' for his devotion to duty and family. His most significant contribution to Stoic philosophy was his role as adoptive father and mentor to Marcus Aurelius, whom he carefully prepared for imperial responsibilities. Under his guidance, Marcus Aurelius was exposed to the finest Stoic teachers and philosophical education. Antoninus Pius embodied Stoic virtues of justice, temperance, and wisdom in his governance, maintaining peace throughout the empire without major military campaigns. His reign was marked by legal reforms, infrastructure development, and careful financial management. He demonstrated the Stoic ideal of duty and service, ruling with compassion and rationality that would deeply influence Marcus Aurelius's own philosophical development and approach to leadership.",Antoninus Pius: The Good Emperor & Mentor to Marcus Aurelius,"Explore Antoninus Pius (86–161 CE), the Roman Emperor who mentored Marcus Aurelius and embodied Stoic virtues in his peaceful reign.",Antoninus Pius,Roman Empire; Good Emperors; Marcus Aurelius; Stoic Leadership; Pax Romana,Marcus Aurelius; Hadrian; Lucius Verus; Faustina the Elder,Person,0086-09-19,0161-03-07,"Lanuvium, Italy",Roman Emperor; Adoptive Father of Marcus Aurelius,Roman governance; Stoic philosophy; Legal reform; Imperial administration; Mentorship,,2025-08-15
Lucius Verus,Lucius Aurelius Verus,lucius-verus,Stoicism,Roman Emperor; Co-ruler with Marcus Aurelius,0130-12-15,"Rome, Italy",0169-01-01,Latin,161–169 CE (co-reign),Military Campaigns; Parthian War,Marcus Aurelius; Antoninus Pius; Stoic Philosophy,"Victory belongs to those who persevere with virtue. | A soldier's duty is to serve with honor and courage. | In war, as in peace, wisdom must guide our actions.","Lucius Verus (130–169 CE) was Roman Emperor who ruled as co-emperor alongside Marcus Aurelius from 161 to 169 CE, representing a unique experiment in shared imperial power. Born Lucius Ceionius Commodus, he was adopted by Antoninus Pius alongside Marcus Aurelius, creating a brotherhood that would define their joint reign. While Marcus Aurelius focused on philosophy and domestic governance, Lucius Verus led military campaigns, particularly the successful Parthian War (161–166 CE) that secured Rome's eastern frontier. Despite his reputation for enjoying luxury and entertainment, Lucius Verus was an effective military commander who understood the Stoic principle that duty sometimes requires action in the physical world. His partnership with Marcus Aurelius demonstrated how Stoic philosophy could accommodate different temperaments and roles while maintaining shared values of service to Rome. His death from plague in 169 CE deeply affected Marcus Aurelius, who honored his memory and continued to reference their brotherhood in his 'Meditations.' Lucius Verus showed that Stoic virtue could manifest through military excellence and loyal partnership.",Lucius Verus: Co-Emperor & Military Partner of Marcus Aurelius,"Discover Lucius Verus (130–169 CE), the Roman co-emperor who served alongside Marcus Aurelius and led successful military campaigns in the East.",Lucius Verus,Roman Empire; Co-Emperor; Parthian War; Military Leadership; Marcus Aurelius,Marcus Aurelius; Antoninus Pius; Commodus; Faustina the Younger,Person,0130-12-15,0169-01-01,"Rome, Italy",Roman Emperor; Co-ruler with Marcus Aurelius,Military strategy; Roman governance; Stoic philosophy; Imperial administration; Partnership,,2025-08-15
Commodus,Lucius Aurelius Commodus,commodus,Roman Imperial,Roman Emperor; Son of Marcus Aurelius,0161-08-31,"Lanuvium, Italy",0192-12-31,Latin,177–192 CE (reign),Gladiatorial Games; Imperial Decrees,Marcus Aurelius; Lucius Verus; Imperial Court,"I am not just an emperor, I am a gladiator. | Power is best displayed in the arena of life. | The people love spectacle more than virtue.","Commodus (161–192 CE) was Roman Emperor from 177 to 192 CE and the son of the philosopher-emperor Marcus Aurelius, representing a dramatic departure from his father's Stoic ideals. Born Lucius Aurelius Commodus, he was groomed for power from birth but showed little interest in philosophy or the burdens of governance that his father had embraced. Instead, Commodus was fascinated by gladiatorial combat and public spectacles, often participating in arena fights himself, which scandalized the Roman elite. His reign marked the end of the Pax Romana and the beginning of the empire's decline, as he neglected administrative duties in favor of personal indulgences. While not a Stoic philosopher himself, Commodus serves as a powerful example of what Marcus Aurelius warned against in his 'Meditations'—the corruption that comes from unchecked power and the abandonment of virtue. His assassination in 192 CE ended the Antonine dynasty and demonstrated the fragility of philosophical ideals when not actively cultivated. Commodus's life story provides a stark contrast to Stoic principles and shows the importance of character development that his father so deeply valued.",Commodus: The Anti-Stoic Emperor & Son of Marcus Aurelius,"Explore Commodus (161–192 CE), the Roman Emperor whose reign contrasted sharply with his father Marcus Aurelius's Stoic philosophy.",Commodus,Roman Empire; Gladiators; Imperial Decline; Marcus Aurelius; Anti-Philosophy,Marcus Aurelius; Lucius Verus; Crispina; Pertinax,Person,0161-08-31,0192-12-31,"Lanuvium, Italy",Roman Emperor; Son of Marcus Aurelius,Roman governance; Gladiatorial combat; Imperial administration; Public spectacles; Power,,2025-08-15
Plato,Plato,plato,Platonism,Philosopher; Founder of the Academy,-0428-01-01,"Athens, Greece",-0348-01-01,Greek,c. 387–347 BCE (Academy period),The Republic; Phaedo; Symposium; Laws,Socrates; Pythagoras; Heraclitus; Parmenides,"The unexamined life is not worth living. | Justice is the foundation of the state. | The philosopher-king is the ideal ruler. | Knowledge is virtue.","Plato (c. 428–348 BCE) was an ancient Greek philosopher and student of Socrates who profoundly influenced Western philosophy and had a significant impact on the development of Stoicism. Born into an aristocratic Athenian family, Plato founded the Academy in Athens around 387 BCE, which became the first institution of higher learning in the Western world. His philosophical works, written as dialogues featuring Socrates, explored fundamental questions about justice, virtue, knowledge, and the ideal state. Plato's concept of the philosopher-king, outlined in 'The Republic,' deeply influenced Marcus Aurelius, who saw himself as embodying this ideal of a ruler guided by wisdom and virtue. The Stoics adopted many Platonic ideas, including the emphasis on virtue as the highest good and the importance of rational inquiry. Plato's theory of Forms provided a metaphysical foundation that Stoics adapted in their understanding of universal reason (Logos). His influence on Stoicism is evident in the works of Marcus Aurelius, who frequently referenced Platonic ideals of justice and the philosopher's duty to serve society. Plato's Academy trained many thinkers who would later influence Stoic philosophy.",Plato: The Philosopher-King & Influence on Stoicism,"Discover Plato (c. 428–348 BCE), the ancient Greek philosopher whose ideas about virtue and the philosopher-king deeply influenced Stoic thought.",Plato,Ancient Greek Philosophy; Academy; Philosopher-King; Virtue; Influence on Stoicism,Socrates; Aristotle; Marcus Aurelius; Cicero,Person,-0428-01-01,-0348-01-01,"Athens, Greece",Philosopher; Founder of the Academy,Philosophy; Political theory; Ethics; Metaphysics; Education; Virtue,,2025-08-15
Cicero,Marcus Tullius Cicero,cicero,Eclecticism,Roman Statesman; Orator; Philosopher,-0106-01-03,"Arpinum, Italy",-0043-12-07,Latin,63–43 BCE (consulship and philosophical period),On Duties (De Officiis); Tusculan Disputations; On the Nature of the Gods,Panaetius; Posidonius; Plato; Aristotle,"Nothing is so unbelievable that oratory cannot make it acceptable. | The authority of those who teach is often an obstacle to those who want to learn. | A room without books is like a body without a soul. | The welfare of the people is the supreme law.","Marcus Tullius Cicero (106–43 BCE) was a Roman statesman, orator, and philosopher who played a crucial role in transmitting Greek Stoic philosophy to the Roman world. Born in Arpinum to a wealthy family, Cicero became one of Rome's greatest orators and served as consul in 63 BCE, where he famously exposed the Catiline conspiracy. His philosophical works, written primarily during periods of political exile, drew heavily on Stoic teachings, particularly those of Panaetius and Posidonius. His masterwork 'On Duties' (De Officiis) was directly based on Panaetius's work of the same name and became one of the most influential texts on ethics in Western civilization. Cicero's adaptation of Stoic philosophy for Roman audiences emphasized practical ethics and civic duty, making complex Greek philosophical concepts accessible to Roman society. His writings influenced countless later thinkers, including the Church Fathers and Renaissance humanists. Though not a pure Stoic himself, preferring an eclectic approach that combined elements from various schools, Cicero's preservation and popularization of Stoic ideas ensured their survival and transmission to future generations, including their influence on figures like Seneca and Marcus Aurelius.",Cicero: Roman Orator & Transmitter of Stoic Philosophy,"Explore Cicero (106–43 BCE), the Roman statesman and philosopher who adapted Greek Stoic teachings for Roman society in his influential works.",Cicero,Roman Republic; Oratory; Stoic Transmission; Ethics; Political Philosophy,Panaetius; Seneca; Cato the Younger; Julius Caesar,Person,-0106-01-03,-0043-12-07,"Arpinum, Italy",Roman Statesman; Orator; Philosopher,Oratory; Philosophy; Roman politics; Ethics; Literature; Stoic transmission,,2025-08-15
Socrates,Socrates of Athens,socrates,Classical Philosophy,Philosopher; Teacher; Moral Philosopher,-0470-01-01,"Athens, Greece",-0399-01-01,Ancient Greek,470–399 BCE (philosophical career),Dialogues (recorded by Plato); Socratic Method; Apology; Crito; Phaedo,Anaxagoras; Parmenides; Heraclitus; Pythagoras; Sophists,"The unexamined life is not worth living. | I know that I know nothing. | The only true wisdom is in knowing you know nothing. | No one does wrong voluntarily. | Virtue is knowledge.","Socrates (470–399 BCE) was an ancient Greek philosopher widely regarded as the founder of Western philosophy and moral thought. Born in Athens during its golden age, he revolutionized philosophy by shifting focus from natural philosophy to ethics and human behavior. Rather than writing philosophical treatises, Socrates engaged in public dialogue, developing the famous Socratic Method of questioning that exposed the contradictions in people's beliefs and encouraged deeper thinking. His approach was based on the principle that 'the unexamined life is not worth living' and that true knowledge begins with recognizing one's own ignorance. Socrates believed that virtue was the highest form of knowledge and that no one does wrong willingly—people act badly only out of ignorance of what is truly good. His influence on subsequent philosophy was immense, particularly through his student Plato, who recorded many of his teachings in dialogues. Accused of corrupting the youth and impiety, Socrates was sentenced to death and chose to drink hemlock rather than flee Athens, demonstrating his commitment to his principles even unto death. His legacy profoundly influenced Stoic philosophy, particularly the emphasis on virtue, self-knowledge, and moral integrity.",Socrates: Father of Western Philosophy & Moral Thought,"Discover Socrates (470–399 BCE), the ancient Greek philosopher who founded Western philosophy and developed the Socratic Method of inquiry.",Socrates,Ancient Greek Philosophy; Socratic Method; Classical Athens; Moral Philosophy; Virtue Ethics; Death of Socrates,Plato; Aristotle; Xenophon; Alcibiades; Critias,Person,-0470-01-01,-0399-01-01,"Athens, Greece",Philosopher; Teacher; Moral Philosopher,Philosophy; Ethics; Dialectic; Virtue; Self-knowledge; Moral reasoning,,2025-08-16
Faustina the Younger,Annia Galeria Faustina the Younger,faustina-the-younger,Roman Imperial,Roman Empress; Wife of Marcus Aurelius,0130-02-16,"Rome, Italy",0175-01-01,Latin,161–175 CE (as empress),Imperial Correspondence; Maternal Influence,Marcus Aurelius; Antoninus Pius; Faustina the Elder,"A woman's greatest virtue is her devotion to family and empire. | The strength of Rome lies in the unity of its imperial family. | Duty to the state transcends personal desires.","Annia Galeria Faustina the Younger (130–175 CE) was Roman Empress from 161 to 175 CE as the wife of Emperor Marcus Aurelius and daughter of Emperor Antoninus Pius and Faustina the Elder. Born into the heart of the imperial family, she represented the continuity of the Antonine dynasty and played a crucial role in the political and social life of the Roman Empire during its golden age. Faustina accompanied Marcus Aurelius on several military campaigns, including the wars along the Danube frontier, demonstrating the active role that imperial women could play in governance and military affairs. She bore Marcus Aurelius at least thirteen children, including the future emperor Commodus, though many died in infancy—a common tragedy even in the imperial family. Despite later historical rumors about her conduct, contemporary evidence suggests she was a devoted wife and mother who supported Marcus Aurelius throughout his philosophical and political challenges. Her death in 175 CE during the Danube campaigns deeply affected Marcus Aurelius, who honored her memory by founding the Puellae Faustinianae, a charitable institution for the daughters of the poor, and by having her deified by the Roman Senate.",Faustina the Younger: Roman Empress & Wife of Marcus Aurelius,"Explore Faustina the Younger (130–175 CE), the Roman Empress who supported Marcus Aurelius and represented the continuity of the Antonine dynasty.",Faustina the Younger,Roman Empire; Antonine Dynasty; Imperial Women; Marcus Aurelius; Roman Empress,Marcus Aurelius; Antoninus Pius; Commodus; Faustina the Elder,Person,0130-02-16,0175-01-01,"Rome, Italy",Roman Empress; Wife of Marcus Aurelius,Roman governance; Imperial family; Maternal duties; Political influence; Charitable works,,2025-08-15
Bruttia Crispina,Bruttia Crispina,crispina,Roman Imperial,Roman Empress; Wife of Commodus,0164-01-01,"Rome, Italy",0191-01-01,Latin,178–191 CE (as empress),Imperial Correspondence; Court Records,Commodus; Marcus Aurelius; Imperial Court,"Virtue must guide even in the darkest times. | An empress serves Rome, not the whims of power. | Honor is preserved through steadfast character.","Bruttia Crispina (164–191 CE) was Roman Empress from 178 to 191 CE as the wife of Emperor Commodus, representing a tragic figure caught between duty and the increasingly erratic behavior of her husband. Born into a distinguished senatorial family, she married the sixteen-year-old Commodus in 178 CE in a ceremony that was intended to stabilize his reign and provide an heir to continue the Antonine dynasty. However, their marriage failed to produce children, which became a source of political concern and personal tension. As Commodus's behavior became more erratic and his obsession with gladiatorial combat grew, Crispina found herself in an increasingly difficult position. She attempted to maintain the dignity and traditions of the imperial court while her husband abandoned the responsibilities of governance for the arena. Her marriage to Commodus represented the last hope for continuing the philosophical and administrative excellence of the Antonine dynasty through legitimate succession. When this hope failed to materialize, it contributed to the political instability that would eventually lead to Commodus's assassination. Crispina's life ended tragically in 191 CE when Commodus, in one of his paranoid rages, accused her of adultery and had her exiled to the island of Capri, where she was subsequently executed. Her death marked another step in the dissolution of the principled governance that had characterized the reigns of Marcus Aurelius and his predecessors.",Bruttia Crispina: The Tragic Empress of Commodus,"Discover Bruttia Crispina (164–191 CE), the Roman Empress who tried to maintain imperial dignity during Commodus's increasingly erratic reign.",Bruttia Crispina,Roman Empire; Imperial Tragedy; Commodus; Roman Empress; Antonine Dynasty,Commodus; Marcus Aurelius; Pertinax; Imperial Court,Person,0164-01-01,0191-01-01,"Rome, Italy",Roman Empress; Wife of Commodus,Roman governance; Imperial court; Marriage politics; Imperial dignity; Tragic fate,,2025-08-15
Pertinax,Publius Helvius Pertinax,pertinax,Stoicism,Roman Emperor; Military Commander; Administrator,0126-08-01,"Alba Pompeia, Liguria",0193-03-28,Latin,193 CE (reign),Military Reforms; Administrative Policies,Marcus Aurelius; Commodus; Praetorian Guard,"Discipline and virtue must be restored to Rome. | The empire belongs to the people, not to the whims of tyrants. | Honor is earned through service, not inherited through birth.","Publius Helvius Pertinax (126–193 CE) was Roman Emperor for only 87 days in 193 CE, but his brief reign represented an attempt to restore the principled governance and Stoic virtues that had characterized the reigns of Marcus Aurelius and Antoninus Pius. Born the son of a freed slave in Alba Pompeia in Liguria, Pertinax rose through merit and ability rather than birth, embodying the Roman ideal of virtus (virtue) over noble lineage. He served with distinction as a military commander under Marcus Aurelius during the Marcomannic Wars and later governed several provinces, including Britain, where he successfully restored order after a period of military rebellion. His administrative competence and personal integrity caught the attention of Marcus Aurelius, who valued him as one of his most trusted generals and administrators. After Commodus's assassination on December 31, 192 CE, the Praetorian Guard proclaimed Pertinax emperor, hoping he would restore stability and discipline to the empire. However, his attempts to reform the Praetorian Guard's privileges and restore fiscal responsibility to the imperial government made him enemies among the very soldiers who had elevated him to power. On March 28, 193 CE, after only 87 days as emperor, Pertinax was murdered by the Praetorian Guard when he refused to pay them the enormous donative they demanded. His death marked the beginning of the chaotic Year of the Five Emperors and demonstrated the challenges facing anyone who tried to restore traditional Roman virtues in an increasingly corrupt system.",Pertinax: The Brief Emperor Who Tried to Restore Roman Virtue,"Explore Pertinax (126–193 CE), the Roman Emperor who attempted to restore Stoic principles and died trying to reform the empire after Commodus.",Pertinax,Roman Empire; Year of Five Emperors; Military Leadership; Administrative Reform; Stoic Virtue,Marcus Aurelius; Commodus; Septimius Severus; Praetorian Guard,Person,0126-08-01,0193-03-28,"Alba Pompeia, Liguria",Roman Emperor; Military Commander; Administrator,Roman governance; Military command; Administrative reform; Stoic virtue; Imperial restoration,,2025-08-15
Faustina the Elder,Annia Galeria Faustina the Elder,faustina-the-elder,Roman Imperial,Roman Empress; Wife of Antoninus Pius,0100-01-01,"Rome, Italy",0140-01-01,Latin,138–140 CE (as empress),Imperial Correspondence; Charitable Works,Antoninus Pius; Hadrian; Marcus Aurelius,"The strength of an empire rests upon the virtue of its women. | Charity and compassion are the highest expressions of imperial power. | A wife's wisdom guides the decisions of great men.","Annia Galeria Faustina the Elder (c. 100–140 CE) was Roman Empress from 138 to 140 CE as the wife of Emperor Antoninus Pius and the mother of Faustina the Younger, who would later marry Marcus Aurelius. Born into the distinguished Annia family, she was the daughter of consul Marcus Annius Verus and Rupilia Faustina, connecting her to some of the most prominent families in Rome. Her marriage to Antoninus Pius, who was then a private citizen, was both a love match and a politically advantageous alliance that strengthened his position in Roman society. When Hadrian adopted Antoninus Pius as his heir in 138 CE, Faustina became empress, a role she embraced with dignity and grace. She was known for her charitable works and her influence on imperial policy, particularly regarding the welfare of women and children. Her early death in 140 or 141 CE, just two or three years into her husband's reign, deeply affected Antoninus Pius, who had her deified by the Roman Senate and established the Puellae Faustinianae, a charitable institution for the daughters of the poor, in her memory. Her legacy lived on through her daughter Faustina the Younger and her grandson-in-law Marcus Aurelius, both of whom continued the tradition of imperial charity and philosophical governance that she had helped establish. Faustina the Elder represented the ideal of the Roman empress as a partner in governance, a patron of charitable causes, and a moral exemplar for the women of the empire.",Faustina the Elder: The Beloved Empress of Antoninus Pius,"Discover Faustina the Elder (c. 100–140 CE), the Roman Empress whose charitable works and influence helped shape the golden age of the Antonine dynasty.",Faustina the Elder,Roman Empire; Antonine Dynasty; Imperial Women; Charitable Works; Roman Empress,Antoninus Pius; Marcus Aurelius; Hadrian; Faustina the Younger,Person,0100-01-01,0140-01-01,"Rome, Italy",Roman Empress; Wife of Antoninus Pius,Roman governance; Imperial charity; Women's welfare; Imperial influence; Moral exemplar,,2025-08-15
Aristotle,Aristotle of Stagira,aristotle,Peripatetic School,Philosopher; Scientist; Tutor to Alexander the Great; Logician; Biologist,-0384-01-01,"Stagira, Chalcidice, Greece",-0322-01-01,Ancient Greek,367–322 BCE (philosophical career),Nicomachean Ethics; Politics; Metaphysics; Poetics; Physics; Categories; Prior Analytics; Posterior Analytics; De Anima; History of Animals,Plato; Socrates; Parmenides; Heraclitus; Democritus,"Knowing yourself is the beginning of all wisdom. | We are what we repeatedly do. Excellence, then, is not an act, but a habit. | The whole is greater than the sum of its parts. | It is the mark of an educated mind to be able to entertain a thought without accepting it.","Aristotle (384–322 BCE) was a Greek philosopher and polymath who profoundly shaped Western thought through his systematic approach to virtually every area of human knowledge. Born in Stagira, he studied under Plato at the Academy in Athens for twenty years before founding his own school, the Lyceum. As tutor to Alexander the Great, Aristotle influenced one of history's most powerful leaders. His philosophical system encompassed logic, ethics, politics, metaphysics, biology, and poetics, establishing many of the fundamental concepts and methods still used today. Unlike his teacher Plato, who emphasized abstract ideals, Aristotle focused on empirical observation and practical wisdom. His Nicomachean Ethics introduced the concept of the 'golden mean' and virtue ethics, while his Politics explored different forms of government. His logical works, collectively known as the Organon, established the foundations of formal logic. Though not a Stoic himself, Aristotle's emphasis on virtue, practical wisdom, and the cultivation of character deeply influenced later Stoic philosophers and remains central to philosophical discourse today.",Aristotle: Ancient Greek Philosopher & Father of Logic,"Explore Aristotle (384–322 BCE), the influential Greek philosopher who shaped Western thought through ethics, logic, politics, and natural science.",Aristotle,Ancient Greek Philosophy; Aristotelian Ethics; Logic; Politics; Metaphysics; Virtue Ethics; Alexander the Great; Lyceum,Plato; Alexander the Great; Thomas Aquinas; Averroes; Maimonides,Person,-0384-01-01,-0322-01-01,"Stagira, Chalcidice, Greece",Philosopher; Scientist; Tutor to Alexander the Great; Logician; Biologist,Philosophy; Logic; Ethics; Politics; Biology; Physics; Metaphysics; Rhetoric; Poetics,,2025-08-16
Hadrian,Publius Aelius Hadrianus,hadrian,Roman Imperial,Roman Emperor; Architect; Traveler; Administrator,0076-01-24,"Italica, Spain",0138-07-10,Latin,117–138 CE (reign),Hadrian's Wall; Pantheon; Legal Reforms; Architectural Projects,Trajan; Antoninus Pius; Antinous; Sabina,"An empire is built not just by conquest, but by the cultivation of culture and learning. | To travel is to understand the diversity and unity of the human spirit. | Architecture is philosophy made manifest in stone.","Publius Aelius Hadrianus (76–138 CE) was Roman Emperor from 117 to 138 CE and one of the most cultured and intellectually curious rulers in Roman history. Born in Italica, near modern Seville in Spain, to a family of Roman colonists, Hadrian represented the cosmopolitan nature of the Roman Empire and the integration of provincial elites into the imperial system. He was adopted by his fellow Spaniard Emperor Trajan and groomed for imperial succession, serving in various military and administrative positions throughout the empire. When he became emperor in 117 CE, Hadrian transformed the nature of imperial rule from one focused on conquest to one emphasizing consolidation, cultural development, and architectural achievement. He spent more than half of his 21-year reign traveling throughout the empire, personally inspecting provinces, founding cities, and commissioning architectural projects that would define Roman civilization for centuries. His most famous achievement was Hadrian's Wall in northern Britain, an 84-mile fortification that marked the northernmost frontier of the Roman Empire. In Rome, he rebuilt the Pantheon with its revolutionary concrete dome, creating one of the most influential architectural achievements in history. Hadrian was deeply interested in Greek culture, philosophy, and the arts, and he promoted a renaissance of classical learning throughout the empire. His reign was marked by relative peace and prosperity, and his administrative reforms strengthened the empire's legal and governmental systems. He adopted Antoninus Pius as his successor, ensuring the continuation of the stable and prosperous period that would be remembered as the height of Roman civilization.",Hadrian: The Traveling Emperor & Architect of Roman Culture,"Explore Hadrian (76–138 CE), the Roman Emperor who built Hadrian's Wall, rebuilt the Pantheon, and promoted culture throughout the empire.",Hadrian,Roman Empire; Architecture; Travel; Cultural Renaissance; Imperial Administration,Trajan; Antoninus Pius; Marcus Aurelius; Antinous,Person,0076-01-24,0138-07-10,"Italica, Spain",Roman Emperor; Architect; Traveler; Administrator,Roman governance; Architecture; Cultural promotion; Imperial travel; Legal reform,,2025-08-15